date,trades,volume_usd,closed_pnl,net_pnl,win_rate,sentiment_value
2023-05-01,3,477.0,0.0,0.0,0.0,63.0
2023-12-05,9,50005.83,0.0,-12.501455,0.0,75.0
2023-12-14,11,113203.35,-205.43473700000007,-233.73556800000003,0.36363636363636365,72.0
2023-12-15,2,10609.95,-24.632033999999997,-27.284523,0.0,70.0
2023-12-16,3,15348.77,0.0,-3.8371890000000004,0.0,67.0
2023-12-17,14,116278.02,304.982785,275.91328599999997,0.5,73.0
2023-12-18,2,31164.179999999997,0.0,-7.791045,0.0,65.0
2023-12-19,15,91602.41,1000.5386120000001,977.638016,0.6666666666666666,73.0
2023-12-20,18,141636.79,162.732282,127.323095,0.4444444444444444,74.0
2023-12-21,49,125233.97,537.211402,505.902933,0.5306122448979592,70.0
2023-12-22,10,88874.28,141.832675,119.61410899999998,0.2,74.0
2023-12-23,13,78438.25,146.936704,127.327149,0.6153846153846154,70.0
2023-12-24,39,402954.94,1008.619956,907.881241,0.38461538461538464,71.0
2023-12-25,3,59948.51,-245.081348,-260.068473,0.0,73.0
2023-12-27,28,171411.06,-704.8892269999999,-747.741974,0.14285714285714285,73.0
2023-12-28,23,100117.25,-970.730876,-995.760176,0.0,73.0
2023-12-29,50,569559.72,508.92214299999995,366.532242,0.3,65.0
2023-12-30,52,702550.21,354.998648,179.36112199999997,0.4423076923076923,68.0
2024-01-01,18,264239.52999999997,-129.53146,-195.59132699999998,0.05555555555555555,65.0
2024-01-02,17,121348.74,783.979116,753.64194,0.47058823529411764,71.0
2024-01-03,67,394499.36,866.015507,767.390696,0.417910447761194,70.0
2024-01-04,5,99792.54000000001,-67.60364,-92.551772,0.0,68.0
2024-01-05,66,1703942.66,164.141565,-261.844074,0.19696969696969696,72.0
2024-01-06,22,298521.4,135.58166400000002,60.95132200000004,0.45454545454545453,70.0
2024-01-07,97,1048850.06,-835.681235,-1097.893699,0.09278350515463918,71.0
2024-01-08,128,1522452.43,-269.874439,-650.4875030000002,0.25,71.0
2024-01-09,70,870051.97,-826.349863,-1030.3627910000002,0.2571428571428571,76.0
2024-01-10,193,2057479.48,-1517.091342,-1951.136207,0.21243523316062177,73.0
2024-01-11,21,305314.1,-164.08950099999998,-239.95667199999997,0.23809523809523808,76.0
2024-01-12,7,200082.27,-1925.519024,-1974.999751,0.0,71.0
2024-01-15,14,50636.1,152.85358,140.200868,0.6428571428571429,52.0
2024-01-16,9,116427.33,-2299.171458,-2316.4907670000002,0.3333333333333333,64.0
2024-01-17,53,800831.03,813.2741110000001,653.566505,0.20754716981132076,60.0
2024-01-18,46,424631.52999999997,68.93319,-23.724710999999996,0.06521739130434782,63.0
2024-01-19,48,428428.97,-385.419235,-478.471103,0.125,51.0
2024-01-20,106,1070090.51,-146.57487000000003,-414.097453,0.14150943396226415,52.0
2024-01-21,11,103129.74,266.58114600000005,240.79871599999998,0.2727272727272727,56.0
2024-01-22,85,337878.99,1375.640959,1308.162691,0.27058823529411763,55.0
2024-01-23,45,414518.93000000005,-369.2447299999998,-454.96929999999986,0.24444444444444444,50.0
2024-01-24,68,965084.59,-2808.353815,-3036.12491,0.14705882352941177,48.0
2024-01-25,6,66566.13,-3093.6293849999997,-3110.270917,0.0,52.0
2024-01-26,5,11773.21,90.2,89.755765,0.2,49.0
2024-01-28,11,18109.03,-2478.06972,-2477.707544,0.0,54.0
2024-01-29,74,414208.18,486.562542,383.299937,0.6081081081081081,55.0
2024-01-30,49,401011.38,-173.65419100000003,-273.90700100000004,0.10204081632653061,61.0
2024-01-31,859,6305647.13,-799.840817,-2349.252292,0.2689173457508731,60.0
2024-02-01,6,2008.18,0.0,-0.5020439999999999,0.0,63.0
2024-02-02,42,474278.43,456.423473,364.853837,0.30952380952380953,63.0
2024-02-03,56,603820.0,223.30918699999998,113.64683800000003,0.10714285714285714,60.0
2024-02-04,35,203187.53,47.62389499999999,-2.9029850000000166,0.2571428571428571,60.0
2024-02-05,72,770198.26,-33.45419400000003,-199.00365900000008,0.19444444444444445,60.0
2024-02-06,1088,8047153.41,-215.615907,-1204.222904,0.1645220588235294,64.0
2024-02-07,15,6758.73,241.24212,240.902427,0.13333333333333333,62.0
2024-02-08,10,26051.12,770.756024,767.7531369999999,0.4,66.0
2024-02-11,34,212311.82,983.443176,958.487884,0.20588235294117646,71.0
2024-02-12,16,227247.69999999998,913.8817869999998,886.7698759999998,0.375,70.0
2024-02-13,14,1999.99,559.44389,559.483882,1.0,79.0
2024-02-14,111,320839.88,3830.599833,3807.682359,0.7477477477477478,74.0
2024-02-15,63,185188.04,1840.797677,1810.09138,0.9047619047619048,72.0
2024-02-16,182,564896.51,5491.768834,5464.543664,0.8021978021978022,72.0
2024-02-17,94,406118.07,1929.6418,1867.586747,0.648936170212766,76.0
2024-02-18,97,157048.17,477.6248299999999,480.7657549999999,0.6288659793814433,72.0
2024-02-19,101,286377.2,4317.768563,4302.915943,0.7623762376237624,75.0
2024-02-20,39,119419.72,3263.628824,3260.555149,0.7948717948717948,72.0
2024-02-21,22,108047.51999999999,1858.7985700000002,1855.827941,0.6818181818181818,78.0
2024-02-22,88,373033.87,3894.1050699999996,3868.6524899999995,0.45454545454545453,74.0
2024-02-23,143,111106.14,1418.55293,1420.619999,0.958041958041958,76.0
2024-02-25,5,4480.13,-30.7705,-30.6809,0.0,74.0
2024-02-26,39,192187.14,4416.8473,4416.945025,0.8717948717948718,72.0
2024-02-27,63,209362.3,888.511733,892.2733420000001,0.4126984126984127,79.0
2024-02-28,45,171107.13,2503.747235,2505.124387,0.8666666666666667,82.0
2024-02-29,116,395666.73,9813.996992,9812.637907,0.8620689655172413,80.0
2024-03-01,137,472974.7,8244.241409,8244.788263,0.9343065693430657,80.0
2024-03-02,31,63197.56,230.90060000000005,231.36972899999995,0.6774193548387096,80.0
2024-03-03,79,390745.68,8361.086245,8363.593348,0.6835443037974683,83.0
2024-03-04,300,1577996.87,27799.775742,27800.335191,0.8866666666666667,82.0
2024-03-05,180,841810.32,19791.026041,19795.464500000002,0.9055555555555556,90.0
2024-03-06,82,327218.02,6814.825139,6818.1804569999995,0.8780487804878049,75.0
2024-03-08,67,183583.18,4271.886236,4275.557865,0.8805970149253731,81.0
2024-03-09,117,658178.75,9949.501624,9947.64986,0.8290598290598291,84.0
2024-03-10,42,219973.85,2482.9272,2480.646128,0.6904761904761905,79.0
2024-03-11,42,176519.44999999998,3588.179495,3579.7066050000003,0.9285714285714286,82.0
2024-03-12,8,103040.85,3039.166,3034.220047,0.875,81.0
2024-03-13,7,6000.799999999999,0.0,-2.100278,0.0,81.0
2024-03-14,18,205933.18,3465.865832,3454.14904,0.8888888888888888,88.0
2024-03-15,62,351894.41,6236.513651,6187.0286479999995,0.6612903225806451,83.0
2024-03-16,8,37223.66,228.57984,218.05156,0.125,81.0
2024-03-17,23,99506.95,503.293955,469.5306259999999,0.43478260869565216,79.0
2024-03-18,19,90458.08,1456.9577,1432.01442,0.3157894736842105,77.0
2024-03-19,24,219884.84,668.797973,642.809661,0.20833333333333334,79.0
2024-03-20,69,215705.85,6423.134599,6383.255760999999,0.8695652173913043,74.0
2024-03-21,28,117895.57,2335.5080749999997,2319.1133250000003,0.8214285714285714,78.0
2024-03-24,19,92592.20999999999,1297.018477,1288.12964,0.7894736842105263,74.0
2024-03-25,7,57116.32,1302.916428,1282.925716,0.8571428571428571,75.0
2024-03-26,118,198565.19,3215.906593,3187.7591899999998,0.9322033898305084,81.0
2024-03-27,38,99864.79,150.41114,118.693188,0.3157894736842105,83.0
2024-03-28,13,35323.72,227.85100799999998,218.791779,0.6923076923076923,80.0
2024-03-29,15,86914.37,883.097404,852.677374,0.4,79.0
2024-03-30,45,101103.92,1100.57514,1090.635686,0.9777777777777777,75.0
2024-03-31,13,39912.96,912.786145,898.8166229999999,0.7692307692307693,75.0
2024-04-01,77,339470.47,2507.963406,2424.212044,0.5454545454545454,79.0
2024-04-02,41,239664.50999999998,883.760812,803.628238,0.2926829268292683,79.0
2024-04-03,4,16887.57,126.7884,125.12719899999999,0.25,71.0
2024-04-04,32,95987.73,0.0,-33.595684999999996,0.0,70.0
2024-04-05,100,503791.8,10706.484306,10603.054168,0.9,79.0
2024-04-06,16,68223.67,236.33513399999998,212.45685699999999,0.25,75.0
2024-04-07,23,49988.14,0.0,-17.495845,0.0,78.0
2024-04-08,30,211940.64,1218.4267,1156.636152,0.03333333333333333,76.0
2024-04-09,3,57063.840000000004,0.0,-19.972341,0.0,80.0
2024-04-10,41,351735.97,5207.443414,5084.335852,0.8780487804878049,78.0
2024-04-11,16,76400.96,389.743164,363.002835,0.125,76.0
2024-04-12,129,442088.59,-592.6458390000001,-690.206714,0.5503875968992248,79.0
2024-04-13,89,486411.25,6621.451755,6502.452579000001,0.6853932584269663,72.0
2024-04-14,107,659162.17,-36104.012520000004,-36317.489924,0.308411214953271,72.0
2024-04-15,41,291111.19,3774.08872,3733.438116,0.8536585365853658,74.0
2024-04-16,47,181907.17,2467.702221,2449.244536,0.9148936170212766,65.0
2024-04-17,14,97562.99,2441.4683999999997,2430.8474370000004,0.9285714285714286,67.0
2024-04-19,35,337257.92000000004,1946.4454620000001,1828.4052020000001,0.7714285714285715,66.0
2024-04-20,22,60733.24,0.0,-121.289047,0.0,66.0
2024-04-22,9,47993.61,0.0,-16.797764,0.0,73.0
2024-04-23,66,233054.9,1119.536196,1048.2277199999999,0.5303030303030303,71.0
2024-04-24,20,141275.24,279.185907,229.73959100000002,0.3,72.0
2024-04-25,74,120241.01,0.0,-160.159512,0.0,72.0
2024-04-26,3,4988.290000000001,0.0,-1.745898,0.0,70.0
2024-04-27,27,154264.47,4281.488139,4227.495589,0.7037037037037037,67.0
2024-04-28,58,43985.6,0.0,-15.394946,0.0,65.0
2024-04-29,45,108699.01,526.9338359999999,488.889206,0.37777777777777777,67.0
2024-04-30,24,125018.75,0.0,-43.75655,0.0,67.0
2024-05-01,14,87025.45,0.0,-30.458908,0.0,54.0
2024-05-03,36,282682.64999999997,5306.017045,5207.106364,0.4722222222222222,48.0
2024-05-04,9,58998.75,0.0,-20.649559,0.0,67.0
2024-05-05,6,24068.350000000002,0.916,-7.496778,0.16666666666666666,69.0
2024-05-06,9,206016.43,968.59038,896.484634,0.4444444444444444,71.0
2024-05-07,18,108717.58,883.537693,845.4986319999999,0.5,68.0
2024-05-08,13,65973.57,1.56576,-21.511066,0.07692307692307693,64.0
2024-05-09,28,221966.12,1147.595856,1069.9077240000001,0.39285714285714285,55.0
2024-05-10,22,156882.0,2101.741695,2046.833005,0.2727272727272727,66.0
2024-05-11,9,63248.95,251.604742,229.46761700000002,1.0,53.0
2024-05-12,23,55179.56,0.0,-19.312829,0.0,56.0
2024-05-13,28,193118.9,2136.853859,2069.26226,0.35714285714285715,57.0
2024-05-14,23,145853.4,1150.5233050000002,1099.4746200000002,0.17391304347826086,66.0
2024-05-15,36,234922.57,948.970582,866.747695,0.4722222222222222,64.0
2024-05-16,27,162620.96,214.5898,157.67248,0.18518518518518517,70.0
2024-05-18,25,126303.14,3522.3946610000003,3478.188569,0.64,73.0
2024-05-19,8,29998.09,0.0,-10.499327000000001,0.0,72.0
2024-05-20,10,38124.75,-74.818442,-88.162104,0.0,70.0
2024-05-21,125,1100948.59,7289.397571999999,6904.065627999999,0.112,76.0
2024-05-22,6,44995.29,0.0,-15.748349000000001,0.0,76.0
2024-05-23,325,401850.6,413.347329,299.91725,0.4461538461538462,76.0
2024-05-24,2,50811.899999999994,821.949278,804.165113,1.0,74.0
2024-05-25,16,29991.129999999997,14.126038999999999,3.879151999999998,0.3125,76.0
2024-05-26,16,53976.67,778.6839,759.915709,0.25,75.0
2024-05-27,251,151115.72,1129.35587,1083.523404,0.35856573705179284,74.0
2024-05-29,164,84268.76,277.791953,240.915354,0.4146341463414634,72.0
2024-05-30,7,2838.09,20.951433,19.958107,0.7142857142857143,73.0
2024-05-31,13,3636.14,25.35812,24.085473999999998,0.3076923076923077,73.0
2024-06-01,25,12834.62,91.510419,87.018313,0.36,72.0
2024-06-02,93,29464.51,192.906947,185.114035,0.3655913978494624,73.0
2024-06-03,70,21466.86,562.808208,557.430122,0.6285714285714286,73.0
2024-06-04,53,24243.41,52.211438,44.778485,0.4716981132075472,73.0
2024-06-05,54,25350.77,56.055506,48.951446000000004,0.2962962962962963,75.0
2024-06-06,234,137557.76,274.173187,237.093763,0.42735042735042733,78.0
2024-06-07,440,1098588.76,8902.467416,8529.504751999999,0.4,77.0
2024-06-08,29,97351.88,129.13883900000002,95.065702,0.27586206896551724,72.0
2024-06-09,17,22410.22,0.0,-7.515775,0.0,75.0
2024-06-10,53,46587.93,31.266804999999998,16.570477,0.33962264150943394,72.0
2024-06-11,123,373279.92,4320.631811,4190.703598,0.13821138211382114,74.0
2024-06-12,254,193407.96,-21886.531493,-21950.45291,0.08267716535433071,72.0
2024-06-13,79,132577.22,6632.757115,6599.357365,0.24050632911392406,70.0
2024-06-14,31,139868.66,10258.592609,10219.638533,0.4838709677419355,74.0
2024-06-15,78,718350.25,3369.958346,3118.535797,0.48717948717948717,74.0
2024-06-16,11,25235.079999999998,0.0,-8.832277,0.0,71.0
2024-06-17,38,368380.12,10599.502375,10470.56935,0.6578947368421053,71.0
2024-06-18,25,263314.79,282.57636,215.416102,0.16,74.0
2024-06-19,61,417071.12,4887.656944,4748.805201,0.5081967213114754,64.0
2024-06-20,39,207990.8,57478.456026,57464.986976,0.20512820512820512,60.0
2024-06-21,80,176264.49,773.5582039999999,712.281105,0.0375,63.0
2024-06-22,24,169594.27000000002,756.876565,716.343183,0.3333333333333333,53.0
2024-06-23,5,1792.12,0.0,-0.17921199999999998,0.0,55.0
2024-06-24,31,403002.8,0.0,-103.551001,0.0,51.0
2024-06-25,49,103099.08,4869.353105,4833.268454,0.22448979591836735,30.0
2024-06-26,72,365190.66000000003,4197.732182,4070.177882,0.2916666666666667,46.0
2024-06-27,30,130486.95,0.0,-45.556012,0.0,40.0
2024-06-29,75,280095.11,6150.326145,5690.030914,0.32,30.0
2024-06-30,14,30520.69,0.0,-17.057669,0.0,47.0
2024-07-01,64,362670.14999999997,5065.839308,4640.516283,0.40625,53.0
2024-07-02,18,33347.47,2421.253116,2409.794386,0.7222222222222222,51.0
2024-07-03,18,179600.66,1118.387284,1055.7586019999999,0.2222222222222222,50.0
2024-07-04,25,430568.01,0.0,-113.02464499999999,0.0,44.0
2024-07-05,32,272289.89,0.0,-95.130717,0.0,29.0
2024-07-06,24,2490.17,108.87217799999999,-235.481982,0.2916666666666667,26.0
2024-07-07,10,498.75,61.428942,61.379067,1.0,29.0
2024-07-08,1,497.64,0.0,-0.0156,0.0,28.0
2024-07-09,15,2736.45,648.984412,648.586844,1.0,27.0
2024-07-10,56,687900.21,11977.734907,11736.969867,0.6785714285714286,28.0
2024-07-11,19,169887.02,1876.812082,1817.351639,0.47368421052631576,29.0
2024-07-12,19,89582.97,1412.314654,1380.9606250000002,0.47368421052631576,25.0
2024-07-13,17,139189.19,2913.617837,2864.9016269999997,1.0,25.0
2024-07-14,7,84001.13,0.0,-29.400389,0.0,33.0
2024-07-15,26,198344.85,-1.0,-69.995769,0.0,52.0
2024-07-16,22,144000.57,0.0,-50.400180999999996,0.0,65.0
2024-07-17,351,626005.53,1859.269477,1652.667564,0.4131054131054131,69.0
2024-07-18,60,649704.85,3803.884311,3576.487647,0.8,61.0
2024-07-19,23,150269.42,2155.891114,2103.296826,0.5217391304347826,60.0
2024-07-20,266,244362.21,2299.169566,2218.411148,0.12406015037593984,74.0
2024-07-21,448,234307.46,-2960.716887,-3025.440227,0.046875,74.0
2024-07-22,154,304213.8,1517.119876,1419.66034,0.14285714285714285,70.0
2024-07-23,370,358526.54,89890.302206,89831.05908,0.8891891891891892,71.0
2024-07-24,90,69207.93,625.561479,570.4942,0.2,69.0
2024-07-25,78,528555.31,916.7382600000001,692.5523440000001,0.1282051282051282,68.0
2024-07-26,152,548587.65,2766.513113,2559.946098,0.40131578947368424,68.0
2024-07-27,57,905199.75,6400.623656,6083.803762,0.7368421052631579,72.0
2024-07-28,16,43254.68,587.29903,572.159908,0.75,71.0
2024-07-29,39,327199.14,330.80445399999996,216.28477,0.41025641025641024,74.0
2024-07-30,6,36006.47,0.0,-12.602264,0.0,67.0
2024-07-31,43,84506.54,765.690884,736.113617,0.32558139534883723,61.0
2024-08-01,57,227774.53,167.080017,58.98498099999998,0.07017543859649122,52.0
2024-08-02,63,396320.37,782.3681909999999,636.847729,0.2698412698412698,57.0
2024-08-03,37,290532.86,464.1897,355.53659400000004,0.02702702702702703,37.0
2024-08-04,127,1207744.07,-122672.000883,-123117.903118,0.023622047244094488,34.0
2024-08-05,80,420495.4,-13013.665169,-13216.384327,0.4125,26.0
2024-08-06,107,61478.38,267.318048,204.696769,0.12149532710280374,17.0
2024-08-07,33,2492.77,188.789255,185.0370512,0.30303030303030304,29.0
2024-08-08,9,16299.35,-40.712216999999995,-47.360212,0.0,20.0
2024-08-09,144,503204.86,18082.071276,17896.81689532,0.2986111111111111,48.0
2024-08-10,88,11339.29,0.0,-50.0831879,0.0,40.0
2024-08-11,24,44230.21,847.7766200000001,806.845333,0.16666666666666666,39.0
2024-08-12,48,54167.32,858.6705000000001,822.598605,0.125,25.0
2024-08-13,23,20797.87,212.08102,194.148143,0.34782608695652173,31.0
2024-08-14,25,66710.03,2168.9015130000003,2122.4084070000004,0.2,30.0
2024-08-15,12,1522.3700000000001,0.0,-16.50261,0.0,29.0
2024-08-16,35,166382.84,825.230544,744.042602,0.08571428571428572,27.0
2024-08-17,30,30248.96,-288.283113,-305.379652,0.0,25.0
2024-08-18,15,62804.48,307.201888,285.220331,0.8,31.0
2024-08-19,8,100315.03,339.69958299999996,304.58932500000003,0.625,28.0
2024-08-20,12,49914.8,192.602844,175.13267000000002,0.08333333333333333,30.0
2024-08-21,145,104990.41,656.200925,619.454342,0.3724137931034483,26.0
2024-08-23,10,63509.56,1005.30527,983.076928,0.3,34.0
2024-08-24,7,34999.67,0.0,-12.249882,0.0,56.0
2024-08-25,17,21950.28,0.0,-26.303603,0.0,54.0
2024-08-26,6,92611.27,231.236918,198.933986,0.3333333333333333,55.0
2024-08-27,50,70250.16,0.0,-52.053552,0.0,48.0
2024-08-28,9,71160.06999999999,1333.359645,1308.453619,0.2222222222222222,30.0
2024-08-29,1,9995.85,0.0,-3.498547,0.0,29.0
2024-08-30,6,37233.24,256.464,243.432824,0.16666666666666666,34.0
2024-08-31,34,107507.43000000001,10.882801,-29.072513999999998,0.35294117647058826,29.0
2024-09-01,12,12359.68,137.433093,133.107232,0.4166666666666667,26.0
2024-09-02,2,30000.42,0.0,-10.500148,0.0,26.0
2024-09-04,34,131480.97,1065.785132,1002.214905,0.14705882352941177,27.0
2024-09-05,1,0.84,0.0,0.0,0.0,29.0
2024-09-06,42,39047.1,-1104.856765,-1118.523241,0.0,22.0
2024-09-08,1,0.11,0.0,0.0,0.0,29.0
2024-09-09,2,4014.4300000000003,0.0,-34.9079,0.0,26.0
2024-09-10,3,2547.28,-219.729659,-227.020059,0.0,33.0
2024-09-11,1,0.54,0.0,0.0,0.0,37.0
2024-09-14,11,1014.8000000000001,0.0,-30.381330000000002,0.0,50.0
2024-09-18,145,13633.5,-878.684794,-910.417737,0.0,45.0
2024-09-19,19,1521.8700000000001,0.0,-28.60766,0.0,49.0
2024-09-20,16,332873.38,9585.03428,9475.717249,0.5,54.0
2024-09-21,23,165648.12,36165.56933,36107.592489,1.0,54.0
2024-09-22,3,19999.739999999998,0.0,-6.999907,0.0,52.0
2024-09-23,2,40334.29,334.760796,320.643794,0.5,50.0
2024-09-24,10,7118.63,0.0,-12.966142,0.0,54.0
2024-09-25,9,52754.130000000005,0.0,-17.764677,0.0,59.0
2024-09-26,8,113711.93000000001,439.812513,408.464309,0.25,50.0
2024-09-27,56,126097.04,0.0,-37.503311,0.0,61.0
2024-09-28,4,29199.21,0.0,-2.8031200000000003,0.0,64.0
2024-09-30,106,214669.85,2710.626288,2644.988712,0.04716981132075472,61.0
2024-10-01,4,139954.32,0.0,-48.98401,0.0,50.0
2024-10-02,4,99954.34,0.0,-34.984016999999994,0.0,42.0
2024-10-03,9,132935.69,100.375782,53.848290999999996,0.3333333333333333,37.0
2024-10-04,1,0.34,0.0,0.0,0.0,41.0
2024-10-05,37,605605.74,5767.161892,5555.200121,0.6486486486486487,49.0
2024-10-06,22,300130.56,130.487079,25.441386,0.22727272727272727,50.0
2024-10-07,21,219984.65,0.0,-76.994616,0.0,50.0
2024-10-08,36,434584.13,5396.546638,5244.4424180000005,0.9166666666666666,49.0
2024-10-09,14,220399.93,396.06272,318.922753,0.21428571428571427,49.0
2024-10-10,16,300024.33999999997,0.0,-105.00851,0.0,39.0
2024-10-11,26,488904.19,8885.327477,8714.211283,0.6923076923076923,32.0
2024-10-12,10,159713.4,541.55471,485.65502499999997,0.7,49.0
2024-10-13,10,60002.42,0.0,-21.000841,0.0,50.0
2024-10-14,5,61916.020000000004,1913.61958,1891.948976,1.0,48.0
2024-10-15,7,81173.36,1170.2260760000001,1141.815403,0.5714285714285714,65.0
2024-10-16,11,80229.17,219.480876,191.400672,0.2727272727272727,73.0
2024-10-17,9,140531.75,36.11496,-13.071147000000003,0.1111111111111111,71.0
2024-10-18,6,120331.43000000001,333.219141,291.103143,0.8333333333333334,73.0
2024-10-19,4,99996.86,0.0,-34.998901000000004,0.0,72.0
2024-10-20,96,176447.86000000002,389.155797,329.898338,0.11458333333333333,73.0
2024-10-21,173,324117.99,2464.915564,2355.057521,0.3930635838150289,72.0
2024-10-22,3,60000.36,0.0,-21.000124,0.0,70.0
2024-10-23,18,210006.07,-46.489941,-119.992052,0.0,71.0
2024-10-25,30,427883.18,13235.862071,13092.020156999999,0.7,72.0
2024-10-26,6,88668.86,42471.99413,42463.481926,1.0,
2024-10-27,4,90664.41,666.6623079999999,634.929768,0.75,74.0
2024-10-28,13,121495.25,167.28016200000002,125.00682200000003,0.3076923076923077,72.0
2024-10-29,53,613267.8099999999,801.170876,586.527162,0.05660377358490566,72.0
2024-10-30,25,11830.85,9.150023,5.5530349999999995,0.28,77.0
2024-10-31,48,896173.36,1214.043811,901.332883,0.7083333333333334,77.0
2024-11-01,23,260981.03,1040.475736,949.820861,0.2608695652173913,75.0
2024-11-02,2,40000.0,0.0,-13.999997,0.0,72.0
2024-11-03,6,129055.66,0.0,-40.404152,0.0,74.0
2024-11-04,36,451811.97,2799.410474,2641.2762940000002,0.6388888888888888,70.0
2024-11-05,10,200627.23,678.4759280000001,608.256404,0.5,70.0
2024-11-06,15,123906.9,2817.83723,2774.46982,0.4666666666666667,70.0
2024-11-07,113,111335.3,4493.353136,4467.17469362,0.5309734513274337,77.0
2024-11-08,39,270700.44,-64.41354100000007,-158.29179800000006,0.15384615384615385,75.0
2024-11-09,86,193384.41,102.90894,36.724437,0.22093023255813954,75.0
2024-11-10,173,413636.7,991.114334,848.800788,0.2947976878612717,78.0
2024-11-11,373,1570572.42,6749.630996,6352.720446,0.24664879356568364,76.0
2024-11-12,171,1226354.52,3494.399394,3066.494541,0.19883040935672514,80.0
2024-11-13,48,515336.37,7846.402274,7667.2182060000005,0.5625,84.0
2024-11-14,110,1008361.81,4563.509225,4228.480423,0.2545454545454545,88.0
2024-11-15,149,1427858.42,4140.740438,3674.312925,0.3691275167785235,80.0
2024-11-16,157,303296.07,2769.521909,2669.350606,0.3057324840764331,86.0
2024-11-17,209,1215987.57,882.975285,611.863596,0.23444976076555024,90.0
2024-11-18,346,2084339.58,4470.815187,4025.710848,0.3583815028901734,83.0
2024-11-19,305,628031.15,2958.268991,2756.782058,0.4918032786885246,90.0
2024-11-20,550,1999514.1199999999,4210.0928969999995,3566.035528,0.3981818181818182,83.0
2024-11-21,535,598300.62,1692.430891,1493.802624,0.308411214953271,82.0
2024-11-22,679,1646713.62,-18105.345617,-18541.784676,0.3078055964653903,94.0
2024-11-23,363,516245.68,2901.531638,2746.909771,0.3526170798898072,93.0
2024-11-24,172,664952.28,945.550386,742.96726,0.26744186046511625,80.0
2024-11-25,255,937410.87,5523.740734,5239.961033,0.4117647058823529,82.0
2024-11-26,302,1146902.44,1094.809359,783.510881,0.2913907284768212,79.0
2024-11-27,213,1444242.53,-2654.495633,-3094.210169,0.3474178403755869,75.0
2024-11-28,332,1894225.15,-127075.39958499999,-127390.981594,0.32831325301204817,77.0
2024-11-29,393,794262.91,176844.994152,176652.54241643,0.48854961832061067,78.0
2024-11-30,373,1732193.7,37316.69352,36764.3181805,0.42091152815013405,84.0
2024-12-01,416,814711.82,40886.364494,40640.98074262,0.53125,81.0
2024-12-02,270,585243.56,18489.604313,18341.71649941,0.4074074074074074,80.0
2024-12-03,374,1084666.53,23576.539285,23245.966193289998,0.4304812834224599,76.0
2024-12-04,319,769287.65,292891.815021,292719.20860335,0.46394984326018807,78.0
2024-12-05,456,1256750.79,71574.11848800001,71221.35276477,0.4232456140350877,84.0
2024-12-06,403,3471019.22,-92624.643895,-93316.63768087,0.23325062034739455,72.0
2024-12-07,304,451733.42,85906.279067,85797.8270291,0.4309210526315789,75.0
2024-12-08,420,932939.72,15965.933436,15731.75455254,0.3619047619047619,79.0
2024-12-09,539,983949.68,6310.967676,6136.19423957,0.31910946196660483,78.0
2024-12-10,1596,3150424.08,39325.770231,38872.22954565,0.5870927318295739,78.0
2024-12-11,1221,2194098.33,319051.554217,318638.04498694,0.7125307125307125,74.0
2024-12-12,1932,4557189.87,599151.795008,598452.82955649,0.6997929606625258,83.0
2024-12-13,1173,2880824.64,31935.901745,31482.67436864,0.40153452685422,76.0
2024-12-14,1235,2369561.78,167801.399244,167569.30779897,0.47368421052631576,83.0
2024-12-15,1697,2583269.81,97525.315279,97293.98470862,0.24572775486152032,80.0
2024-12-16,1055,2740808.97,166774.344133,166372.194077,0.5071090047393365,83.0
2024-12-17,1941,5233597.63,219591.305172,218845.16478602,0.4363730036063885,87.0
2024-12-18,1429,3798887.07,13682.994673,12991.54670279,0.36599020293911827,81.0
2024-12-19,3339,8241709.39,62744.004486000005,61687.771306919996,0.6148547469302186,75.0
2024-12-20,2488,7681274.71,254969.660039,253758.82173322001,0.5558681672025724,74.0
2024-12-21,1681,4382875.12,150022.163157,149341.77155987,0.5496728138013087,73.0
2024-12-22,774,3087320.22,352197.163973,351864.10712847,0.4354005167958656,73.0
2024-12-23,2347,6771878.26,-29430.626577,-30631.523523569995,0.2901576480613549,70.0
2024-12-24,338,1767036.11,14813.780116,14426.99767577,0.33727810650887574,73.0
2024-12-25,208,347889.35,756.6570469999998,690.1382647799999,0.30288461538461536,73.0
2024-12-26,697,2205242.65,60228.639722,59705.28072352,0.5136298421807748,79.0
2024-12-27,260,347913.0,2672.811035,2584.2553884000004,0.4230769230769231,74.0
2024-12-28,161,281555.01,940.673623,892.26513037,0.22981366459627328,72.0
2024-12-29,201,344628.54,2884.067927,2811.9505699,0.31840796019900497,73.0
2024-12-30,304,1073865.73,9009.738137,8724.83181652,0.39473684210526316,65.0
2024-12-31,306,877164.62,5445.01281,5178.49639887,0.3006535947712418,64.0
2025-01-01,96,282582.1,-9528.065345,-9559.66972721,0.3020833333333333,66.0
2025-01-02,361,774674.84,8716.519087,8540.37939377,0.45706371191135736,70.0
2025-01-03,508,771208.99,6028.486793,5817.48895619,0.27165354330708663,74.0
2025-01-04,371,1826029.6199999999,2553.537968,2319.825997,0.20215633423180593,73.0
2025-01-05,239,451943.57,3187.719363,3048.37775203,0.41841004184100417,72.0
2025-01-06,573,556526.99,6064.185393,5889.25430475,0.15532286212914484,76.0
2025-01-07,637,1313178.1,16098.227531,15794.84107837,0.7613814756671899,78.0
2025-01-08,1039,3177275.18,130117.090554,129420.17764361999,0.37151106833493747,70.0
2025-01-09,522,1020733.25,46975.928902,46700.41512257,0.2777777777777778,69.0
2025-01-10,819,6547449.68,-10116.875552,-12211.054727050001,0.5274725274725275,50.0
2025-01-11,283,1658098.71,2269.080536,1774.4325586500001,0.24381625441696114,69.0
2025-01-12,602,2258459.17,5742.241803,5130.1590503,0.7840531561461794,62.0
2025-01-13,408,2936648.0100000002,9655.429352,8792.32922722,0.3872549019607843,61.0
2025-01-14,275,876581.97,16069.512355,15828.92130552,0.49818181818181817,63.0
2025-01-15,267,1801599.8900000001,14819.5883,14305.97930518,0.4606741573033708,70.0
2025-01-16,371,3049692.96,20807.709328,19917.140160040002,0.3423180592991914,75.0
2025-01-17,238,1110230.46,7006.415608,6655.00095911,0.5294117647058824,75.0
2025-01-18,651,2711629.88,443.2330819999997,-372.70111945999986,0.38095238095238093,77.0
2025-01-19,1567,9715215.3,87923.799302,85761.44366229,0.20229738353541799,77.0
2025-01-20,1315,8287327.01,87277.239173,85069.57935334,0.5224334600760456,76.0
2025-01-21,530,1523729.82,11077.839421,10679.5351557,0.3867924528301887,76.0
2025-01-22,832,1778406.43,20524.408057,20053.23791724,0.28125,84.0
2025-01-23,1218,3697028.66,101256.24216,100167.89229032,0.6609195402298851,75.0
2025-01-24,874,1611433.45,10602.779738,10264.1361369,0.5583524027459954,75.0
2025-01-25,506,1239377.7,-10348.016255999999,-10666.95001806,0.27865612648221344,75.0
2025-01-26,451,1201173.66,40823.466668,40441.20851377,0.43458980044345896,73.0
2025-01-27,773,1508028.31,41331.765392,40925.50622457,0.4760672703751617,71.0
2025-01-28,498,579412.17,17979.613973,17854.90368837,0.6285140562248996,72.0
2025-01-29,910,1897513.41,23421.01147,22808.49032491,0.4164835164835165,72.0
2025-01-30,1067,3014397.17,23097.471385,22222.82026927,0.3467666354264292,70.0
2025-01-31,1016,2783411.48,35868.296773,35197.35872149,0.5413385826771654,76.0
2025-02-01,634,1363746.44,32300.205017,32014.72763511,0.5962145110410094,68.0
2025-02-02,1319,5661092.29,162854.759623,161670.63753379,0.35860500379075055,60.0
2025-02-03,2380,22592901.37,348871.326269,345879.76064494,0.4634453781512605,44.0
2025-02-04,2512,15678409.27,416876.88812,413023.10955606,0.276671974522293,72.0
2025-02-05,1297,8743231.51,56706.235562,55370.48594533,0.3215111796453354,54.0
2025-02-06,1703,2818508.87,33803.799733,33094.669374389996,0.46095126247798,49.0
2025-02-07,1524,3460263.54,22450.002091,21711.91285266,0.2821522309711286,44.0
2025-02-08,575,839734.97,586.703253,476.72696682,0.19130434782608696,44.0
2025-02-09,764,2920919.7,150551.829492,150124.46766704,0.4306282722513089,46.0
2025-02-10,889,3624958.44,63908.49465,63417.1323079,0.4780652418447694,43.0
2025-02-11,848,2797544.17,-6093.784817,-6570.2149448499995,0.21816037735849056,47.0
2025-02-12,1031,4143974.54,19848.635032,18749.48000086,0.4626576139670223,46.0
2025-02-13,1370,3199852.21,27829.534238,27006.04675398,0.4678832116788321,50.0
2025-02-14,1655,4007103.42,213860.675308,212899.09759225,0.42900302114803623,48.0
2025-02-15,932,1712852.95,45042.92701,44668.83969198,0.4302575107296137,50.0
2025-02-16,681,806177.64,2369.478425,2197.90641972,0.44052863436123346,54.0
2025-02-17,941,2031044.64,1818.573295,1565.08653936,0.22422954303931988,51.0
2025-02-18,1676,3371128.68,91204.672403,90595.13300009,0.5119331742243437,47.0
2025-02-19,1361,3263930.24,14985.794701,14297.3072515,0.4276267450404115,44.0
2025-02-20,2012,4628609.29,46008.794102,44776.33007725,0.47912524850894633,49.0
2025-02-21,1873,3972159.88,119693.49395,118863.77563623,0.5221569674319274,55.0
2025-02-22,686,3175570.2,25278.704178,24398.53954403,0.4970845481049563,49.0
2025-02-23,520,1141310.74,10656.934251,10426.93153183,0.45,50.0
2025-02-24,5616,11223619.59,38470.176242,36372.21180876,0.39672364672364674,49.0
2025-02-25,6246,19414984.36,204762.177034,201575.56196969,0.260646813960935,25.0
2025-02-26,1176,4946958.13,63229.063129,62474.89058233,0.6709183673469388,21.0
2025-02-27,890,1999898.43,-36525.167517,-37037.31349031,0.27752808988764044,10.0
2025-02-28,1019,4123660.77,225628.108748,224749.71048404,0.3886162904808636,16.0
2025-03-01,174,263824.13,10596.108968,10559.045422610001,0.4482758620689655,20.0
2025-03-02,532,6460848.74,66914.320708,64982.62376599,0.5018796992481203,26.0
2025-03-03,1482,8244590.38,616413.032233,615372.46819058,0.6153846153846154,33.0
2025-03-04,2402,11124247.15,182075.566585,179855.23009972,0.25353871773522063,15.0
2025-03-05,1660,9193654.22,269328.365917,267007.04440615,0.7584337349397591,20.0
2025-03-06,760,6765324.96,16101.125561,14794.508397739999,0.48026315789473684,25.0
2025-03-07,2552,19854275.48,150236.061627,145319.56058013,0.5223354231974922,34.0
2025-03-08,529,892083.51,24700.773359,24492.433586,0.5689981096408318,28.0
2025-03-09,1422,10419697.99,19773.457395,17396.3934682,0.4409282700421941,27.0
2025-03-10,2911,16811790.68,-10010.027269999999,-13498.399741230003,0.39745791824115423,20.0
2025-03-11,3286,14016952.09,-76880.729036,-79321.80927804,0.18746195982958003,24.0
2025-03-12,3968,18618139.15,288105.984215,284447.57064303,0.5645161290322581,34.0
2025-03-13,962,3285591.22,14114.870873,13305.68416583,0.4573804573804574,45.0
2025-03-14,2210,8047187.16,68646.160089,67452.67301408,0.8538461538461538,27.0
2025-03-15,261,2355749.54,78694.624572,78120.291684,0.5938697318007663,46.0
2025-03-16,530,10187921.51,-7910.943544999999,-10353.426547179999,0.2320754716981132,30.0
2025-03-17,920,3592895.05,26163.906513,25356.16650502,0.4532608695652174,32.0
2025-03-18,834,4050655.47,72322.788824,71464.852693,0.22541966426858512,34.0
2025-03-19,1612,4598813.57,29374.682341,28590.1922699816,0.4162531017369727,32.0
2025-03-20,771,1652257.93,10246.859436,9917.62399,0.4085603112840467,49.0
2025-03-21,698,2543903.39,6951.270374,6317.80969117,0.5,31.0
2025-03-22,535,971809.42,12498.535254,12229.70045203,0.4747663551401869,32.0
2025-03-23,447,2593519.67,14047.421585,13450.20557097,0.32662192393736017,30.0
2025-03-24,1027,3017587.05,107878.961301,107347.85594963,0.6153846153846154,45.0
2025-03-25,791,5372519.77,32030.90678,30629.55279423,0.3615676359039191,46.0
2025-03-26,3102,7597754.37,15802.167427,14005.36391091,0.27111540941328177,47.0
2025-03-27,785,3240279.46,58825.359221,58111.3351017,0.33375796178343947,40.0
2025-03-28,728,1483092.61,21337.179335,20947.895939949998,0.3173076923076923,44.0
2025-03-29,1894,3668151.83,12098.872931,11259.02841638,0.3558606124604013,26.0
2025-03-30,568,2850874.96,15795.11514,15036.04338673,0.16549295774647887,32.0
2025-03-31,495,2164772.4699999997,6978.184557,6496.182925889999,0.5232323232323233,34.0
2025-04-01,192,704445.1900000001,-2202.6622420000003,-2365.5982368200002,0.4583333333333333,34.0
2025-04-02,1076,3867930.6,202212.740938,201031.5179001,0.8949814126394052,44.0
2025-04-03,1748,8670233.15,-2365.961276,-3703.0801287000004,0.2974828375286041,25.0
2025-04-04,1272,3835545.73,-25515.678949999998,-26351.742359361,0.38757861635220126,28.0
2025-04-05,360,1267564.22,35907.33771,35625.277366,0.5805555555555556,30.0
2025-04-06,1048,3551252.06,47053.449272,46435.0133593665,0.31679389312977096,34.0
2025-04-07,2814,14460253.14,34527.370305,31760.8152035971,0.23916133617626156,23.0
2025-04-08,943,8869391.4,34899.394798,32624.41710694,0.4093319194061506,24.0
2025-04-09,3967,28556806.47,43120.444797,37009.170438806,0.43055205444920597,18.0
2025-04-10,2127,28741953.29,158261.822261,151393.265760218,0.5289139633286318,39.0
2025-04-11,1096,11319327.07,126406.479081,124232.04000290991,0.3357664233576642,25.0
2025-04-12,2109,55914617.49,410419.694533,398902.098158543,0.2721669037458511,43.0
2025-04-13,1321,14171154.79,48696.021521,46127.6853007351,0.3618470855412566,45.0
2025-04-14,890,13079972.98,45680.443063,43657.285344432996,0.42247191011235957,31.0
2025-04-15,1131,20752168.24,72357.706282,70490.80152261,0.5720601237842617,38.0
2025-04-16,1608,36502715.9,58631.730257,52634.11235171,0.3401741293532338,29.0
2025-04-17,1031,2604551.51,5427.919886,4908.71114908,0.30358874878758485,30.0
2025-04-18,1894,24610650.46,4880.4047439999995,213.07681222999963,0.5126715945089757,33.0
2025-04-19,2786,32706462.71,71950.577495,65469.95116231,0.2921751615218952,32.0
2025-04-20,1982,12126094.05,25060.341936,23173.0123278942,0.3985872855701312,37.0
2025-04-21,1718,42104054.84,34369.267906999994,28013.17684312,0.3940628637951106,39.0
2025-04-22,2998,33753625.24,58652.763578,52903.077827,0.2961974649766511,47.0
2025-04-23,6159,30682443.79,-419020.225731,-426362.30657288,0.324728040266277,72.0
2025-04-24,2232,35088918.64,50704.395965,43337.8956450647,0.4135304659498208,63.0
2025-04-25,1653,27749455.78,20218.859206,13919.765951261801,0.38596491228070173,60.0
2025-04-26,1131,11948127.77,-4125.753942,-6778.06069552,0.1724137931034483,65.0
2025-04-27,337,487537.69,2702.067468,2646.1406953438,0.3560830860534125,61.0
2025-04-28,1379,26124921.49,36906.813759,30899.5623554699,0.4169688179840464,54.0
2025-04-29,2243,34089511.66,125749.613427,120600.3181398469,0.43201069995541685,60.0
2025-04-30,1113,12693878.85,14003.797269,11053.6134961245,0.26504941599281223,56.0
2025-05-01,1230,10720240.52,54536.829297000004,51884.2156190342,0.43089430894308944,53.0
